,Unnamed: 0,city_state_country,geopy location,coordinates
0,0,"Washington D.C., DC, USA","Washington, District of Columbia, United States","(38.8950368, -77.0365427)"
1,1,"OCEANSIDE, CA, USA","Oceanside, San Diego County, California, 92054, United States","(33.1958696, -117.3794834)"
2,2,"St. George, UT, USA","St. George, Washington County, Utah, United States","(37.104153, -113.5841313)"
3,3,"Narberth, PA, USA","Narberth, Montgomery County, Pennsylvania, 19072, United States","(40.0084456, -75.26046)"
4,4,"OAKLAND, CA, USA","Oakland, Alameda County, California, United States","(37.8044557, -122.2713563)"
5,5,"CHULA VISTA, CA, USA","Chula Vista, San Diego County, California, 91912, United States","(32.6400541, -117.0841955)"
6,6,"Goodyear, AZ, USA","Goodyear, Maricopa County, Arizona, 85395, United States","(33.4353672, -112.3576)"
7,7,"Templeton, MA, USA","Templeton, Worcester County, Massachusetts, United States","(42.5649531, -72.0656907)"
8,8,"Phoenix, AZ, USA","Phoenix, Maricopa County, Arizona, 85004-1905, United States","(33.4484367, -112.0741417)"
9,9,"Clintondale, NY, USA","Clintondale, Town of Plattekill, Ulster County, New York, United States","(41.692068, -74.05095999716899)"
10,10,"SANTA PAULA, CA, USA","Santa Paula, Ventura County, California, United States","(34.3541659, -119.0592705)"
11,11,"Troy, NY, USA","Troy, City of Troy, Rensselaer County, New York, 12183, United States","(42.7284117, -73.6917878)"
12,12,"Macedon, NY, USA","Town of Macedon, Wayne County, New York, 14502, United States","(43.06923, -77.298875)"
13,13,"Carlisle, PA, USA","Carlisle, Cumberland County, Pennsylvania, United States","(40.201499, -77.1890783)"
14,14,"OAKDALE, CA, USA","Oakdale, Stanislaus County, California, 95361, United States","(37.7665947, -120.8471545)"
15,15,"Scituate, MA, USA","Scituate, Plymouth County, Massachusetts, United States","(42.1939754, -70.7697128)"
16,16,"San Luis, AZ, USA","San Luis, Yuma County, Arizona, United States","(32.4934395, -114.7737551)"
17,17,"WINCHESTER, CA, USA","Winchester, Riverside County, California, United States","(33.719382249999995, -117.06328473837351)"
18,18,"San Antonio, TX, USA","San Antonio, Bexar County, Texas, 78205, United States","(29.4246002, -98.4951405)"
19,19,"Mesa, AZ, USA","Mesa, Maricopa County, Arizona, 85201, United States","(33.4151117, -111.8314792)"
20,20,"Worcester, MA, USA","Worcester, Worcester County, Massachusetts, United States","(42.2625621, -71.8018877)"
21,21,"CORAL SPRINGS, FL, USA","Coral Springs, Broward County, Florida, 33065, United States","(26.271192, -80.2706044)"
22,22,"CLOVIS, CA, USA","Clovis, Fresno County, California, United States","(36.8252277, -119.7029194)"
23,23,"Milton, NH, USA","Milton, Strafford County, New Hampshire, United States","(43.410036, -70.988846)"
24,24,"NAPA, CA, USA","Napa, Napa County, California, 94559, United States","(38.2971367, -122.2855293)"
25,25,"SAN DIEGO, CA, USA","San Diego, San Diego County, California, 92101, United States","(32.7174202, -117.1627728)"
26,26,"Peoria, AZ, USA","Peoria, Maricopa County, Arizona, 85345, United States","(33.5806115, -112.237294)"
27,27,"Hadlyme, CT, USA","Hadlyme, Lyme, New London County, Connecticut, 06439, United States","(41.4203766, -72.4064743)"
28,28,"Surprise, AZ, USA","Surprise, Maricopa County, Arizona, 85374, United States","(33.6292271, -112.3680189)"
29,29,"Franklin Square, NY, USA","Franklin Square, Town of Hempstead, Nassau County, New York, United States","(40.7005365, -73.67626990577244)"
30,30,"GRANADA HILLS, CA, USA","Granada Hills, Los Angeles, Los Angeles County, California, 91344-7401, United States","(34.2661558, -118.5174342)"
31,31,"ESCONDIDO, CA, USA","Escondido, San Diego County, California, United States","(33.1216751, -117.0814849)"
32,32,"Paulden, AZ, USA","Paulden, Yavapai County, Arizona, United States","(34.879892999999996, -112.47709873575306)"
33,33,"Woburn, MA, USA","Woburn, Middlesex County, Massachusetts, 01801, United States","(42.4792618, -71.1522766)"
34,34,"Freetown, MA, USA","Freetown, Bristol County, Massachusetts, United States","(41.7944569, -71.0655834)"
35,35,"New Hampton, NY, USA","New Hampton, Town of Wawayanda, Orange County, New York, 10558, United States","(41.4109272, -74.4071001)"
36,36,"RIALTO, CA, USA","Rialto, San Bernardino County, California, United States","(34.1064001, -117.3703235)"
37,37,"Needham, MA, USA","Needham, Choctaw County, Alabama, United States","(31.9868295, -88.33308822099423)"
38,38,"Indio, CA, USA","Indio, Riverside County, California, United States","(33.743764999999996, -116.22331524966393)"
39,39,"Sandy, UT, USA","Sandy, Salt Lake County, Utah, 84070, United States","(40.5710454, -111.8953815)"
40,40,"Westport, MA, USA","Westport, Fairfield County, Connecticut, 06880, United States","(41.1414855, -73.3578955)"
41,41,"Madison, WI, USA","Madison, Dane County, Wisconsin, United States","(43.074761, -89.3837613)"
42,42,"IRVINE, CA, USA","Irvine, Orange County, California, 92614, United States","(33.6856969, -117.8259819)"
43,43,"Clinton, MA, USA","Clinton County, Illinois, United States","(38.5896187, -89.420064)"
44,44,"New Bedford, MA, USA","New Bedford, Bristol County, Massachusetts, 02740, United States","(41.6362152, -70.934205)"
45,45,"Bronx, NY, USA","The Bronx, Bronx County, New York, United States","(40.8466508, -73.8785937)"
46,46,"Cottonwood, AZ, USA","Cottonwood, Yavapai County, Arizona, 86326, United States","(34.739489, -112.009793)"
47,47,"Wantagh, NY, USA","Wantagh, Town of Hempstead, Nassau County, New York, 11793, United States","(40.6626375, -73.51343832543981)"
48,48,"VISTA, CA, USA","Vista, San Diego County, California, 92083, United States","(33.2000368, -117.2425355)"
49,49,"MILLBRAE, CA, USA","Millbrae, San Mateo County, California, 94030, United States","(37.598958, -122.4009419)"
50,50,"Plainview, NY, USA","Plainview, Manetto Hill Shopping Center, Town of Oyster Bay, Nassau County, New York, 11803, United States","(40.7832092, -73.47390524695271)"
51,51,"FAIRFIELD, CA, USA","Fairfield, Solano County, California, 94533, United States","(38.2493581, -122.039966)"
52,52,"SAN BRUNO, CA, USA","San Bruno, San Mateo County, California, United States","(37.6261715, -122.4332435)"
53,53,"Las Cruces, NM, USA","Las Cruces, Do√±a Ana County, New Mexico, United States","(32.3140354, -106.7798078)"
54,54,"Shoreline, WA, USA","Shoreline, King County, Washington, United States","(47.7564667, -122.3437497)"
55,55,"Albany, NY, USA","Albany, Albany County, New York, 12207, United States","(42.6511674, -73.754968)"
56,56,"Canoga Park, CA, USA","Canoga Park, Los Angeles, Los Angeles County, California, 91303, United States","(34.2011078, -118.5978087)"
57,57,"Seymour, CT, USA","Seymour, New Haven County, Connecticut, 06483, United States","(41.3943578, -73.0741697)"
58,58,"Layton, UT, USA","Layton, Davis County, Utah, United States","(41.0751048, -111.9741925)"
59,59,"Litchfield Park, AZ, USA","Litchfield Park, Maricopa County, Arizona, United States","(33.4933796, -112.3581244)"
60,60,"West Haven, CT, USA","West Haven, New Haven County, Connecticut, United States","(41.2706527, -72.9470471)"
61,61,"Buckeye, AZ, USA","Buckeye, Maricopa County, Arizona, United States","(33.3703197, -112.583776)"
62,62,"Orleans, MA, USA","Orleans, Dickinson County, Iowa, United States","(43.4471838, -95.0924946)"
63,63,"Watertown, CT, USA","Watertown, Litchfield County, Connecticut, United States","(41.6062078, -73.1181658)"
64,64,"ENCINO, CA, USA","Encino, Los Angeles, Los Angeles County, California, 91316-3402, United States","(34.1591324, -118.5016166)"
65,65,"Granby, MA, USA","Granby, Hartford County, Connecticut, United States","(41.9539855, -72.7887071)"
66,66,"Washingtonville, NY, USA","Washingtonville, Town of Blooming Grove, Orange County, New York, United States","(41.4278716, -74.1659798)"
67,67,"Sun City, AZ, USA","Sun City, Maricopa County, Arizona, 85363, United States","(33.6290111, -112.2819337)"
68,68,"Leicester, VT, USA","Leicester, Addison County, Vermont, United States","(43.8666862, -73.1077432)"
69,69,"MENLO PARK, CA, USA","Menlo Park, San Mateo County, California, United States","(37.4519671, -122.1779927)"
70,70,"Pacoima, CA, USA","Pacoima, Los Angeles, Los Angeles County, California, 91331-2536, United States","(34.2625025, -118.427027)"
71,71,"TEMECULA, CA, USA","Temecula, Riverside County, California, United States","(33.4946353, -117.1473661)"
72,72,"Van Nuys, CA, USA","Van Nuys, Los Angeles, Los Angeles County, California, United States","(34.1866193, -118.4486675)"
73,73,"Huntington, NY, USA","Huntington, Town of Huntington, Suffolk County, New York, 11743, United States","(40.868154, -73.425676)"
74,74,"East Amherst, NY, USA","East Amherst, Town of Clarence, Erie County, New York, 14051-1622, United States","(43.0183913, -78.696697)"
75,75,"Cohoes, NY, USA","City of Cohoes, Albany County, New York, 12047, United States","(42.7742446, -73.7001187)"
76,76,"Islip Terrace, NY, USA","Islip Terrace, Islip, Suffolk County, New York, 11752, United States","(40.750438349999996, -73.18576083146894)"
77,77,"Perry, UT, USA","Perry, Box Elder County, Utah, United States","(41.4649365, -112.0324456)"
78,78,"Willimantic, CT, USA","Willimantic, Windham, Windham County, Connecticut, 06226, United States","(41.713125, -72.217885)"
79,79,"Stoughton, MA, USA","Stoughton, Norfolk County, Massachusetts, United States","(42.1252079, -71.1022015)"
80,80,"Tyringham, MA, USA","Tyringham, Berkshire County, Massachusetts, 01264, United States","(42.2515256, -73.1969508)"
81,81,"Oxford, CT, USA","Oxford, New Haven County, Connecticut, United States","(41.4351795, -73.1172769)"
82,82,"BERKELEY, CA, USA","University of California, Berkeley, Milvia Street, North Berkeley, Berkeley, Alameda County, California, 94709, United States","(37.8753497, -122.23963364918777)"
83,83,"BARSTOW, CA, USA","Barstow, San Bernardino County, California, United States","(34.8957684, -117.0172077)"
84,84,"West Valley City, UT, USA","West Valley City, Salt Lake County, Utah, 84120, United States","(40.6967254, -111.9868211)"
85,85,"New River, AZ, USA","New River, Cave Creek, Maricopa County, Arizona, 85080, United States","(33.887139250000004, -112.08706829579333)"
86,86,"Avondale, AZ, USA","Avondale, Maricopa County, Arizona, 85323, United States","(33.4355977, -112.349602)"
87,87,"Williamsburg, MA, USA","Williamsburg, Williamsburg (city), Virginia, United States","(37.2708788, -76.7074042)"
88,88,"Clifton Park, NY, USA","Clifton Park, Town of Clifton Park, Saratoga County, New York, 12065-4370, United States","(42.8656325, -73.7709535)"
89,89,"Southington, CT, USA","Southington, Hartford County, Connecticut, United States","(41.6005435, -72.8782941)"
90,90,"FRESNO, CA, USA","Fresno, Fresno County, California, United States","(36.7295295, -119.70886126075588)"
91,91,"Ossining, NY, USA","Ossining, Town of Ossining, Westchester County, New York, 10562, United States","(41.1609095, -73.87816187585699)"
92,92,"Dracut, MA, USA","Dracut, Middlesex County, Massachusetts, 01826, United States","(42.6818928, -71.2963726)"
93,93,"Middletown, NY, USA","Middletown, The Bronx, Bronx County, New York, 10461, United States","(40.8397222, -73.8316667)"
94,94,"Paradise Valley, AZ, USA","Paradise Valley, Maricopa County, Arizona, 85253, United States","(33.5428006, -111.9556001)"
95,95,"Bristol, CT, USA","Bristol, Hartford County, Connecticut, United States","(41.6735209, -72.9464859)"
96,96,"Norton, MA, USA","Norton County, Kansas, United States","(39.7944702, -99.9100033)"
97,97,"Warren, VT, USA","Warren, Washington County, Vermont, 05674, United States","(44.1131991, -72.855743)"
98,98,"Valley Cottage, NY, USA","Valley Cottage, Town of Clarkstown, Rockland County, New York, 10989, United States","(41.117857, -73.94361203870969)"
99,99,"Saratoga Springs, NY, USA","Saratoga Springs, City of Saratoga Springs, Saratoga County, New York, 12866, United States","(43.0821793, -73.7853915)"
100,100,"MIDDLETOWN, NY, USA","Middletown, The Bronx, Bronx County, New York, 10461, United States","(40.8397222, -73.8316667)"
101,101,"LINCOLN, CA, USA","Lincoln, Placer County, California, United States","(38.859829500000004, -121.34239205792437)"
102,102,"Prescott, AZ, USA","Prescott, Yavapai County, Arizona, United States","(34.5399962, -112.4687616)"
103,103,"SANTA ROSA, CA, USA","Santa Rosa, Sonoma County, California, 95402, United States","(38.4404925, -122.7141049)"
104,104,"New York, NY, USA","New York, United States","(40.7127281, -74.0060152)"
105,105,"Becker, MN, USA","Becker County, Minnesota, United States","(46.9298236, -95.6761851)"
106,106,"Fall River, MA, USA","Fall River, Bristol County, Massachusetts, 02722, United States","(41.7010642, -71.1546367)"
107,107,"Lenhartsville, PA, USA","Lenhartsville, Berks County, Pennsylvania, United States","(40.5729005, -75.8880028)"
108,108,"Stamford, CT, USA","Stamford, Fairfield County, Connecticut, United States","(41.0534302, -73.5387341)"
109,109,"West Jordan, UT, USA","West Jordan, Salt Lake County, Utah, United States","(40.6061308, -111.9396586)"
110,110,"Boston, MA, USA","Boston, Suffolk County, Massachusetts, 02102, United States","(42.3602534, -71.0582912)"
111,111,"Westborough, MA, USA","Westborough, Worcester County, Massachusetts, 01581, United States","(42.2694308, -71.6129907)"
112,112,"UNION CITY, CA, USA","Union City, Alameda County, California, 94587, United States","(37.5963232, -122.0816297)"
113,113,"Waddell, AZ, USA","Waddell, Maricopa County, Arizona, 85388, United States","(33.6114269, -112.4271084)"
114,114,"SANTA CRUZ, CA, USA","Santa Cruz County, California, United States","(37.050096, -121.9905908)"
115,115,"Delta, UT, USA","Delta, Millard County, Utah, United States","(39.3521777, -112.57717)"
116,116,"Amherst, MA, USA","Amherst, Hampshire County, Massachusetts, United States","(42.3685658, -72.505714)"
117,117,"Springfield, MA, USA","Springfield, Hampden County, Massachusetts, United States","(42.1018764, -72.5886727)"
118,118,"Baraboo, WI, USA","Baraboo, Sauk County, Wisconsin, 53913, United States","(43.4704014, -89.7437844)"
119,119,"SANTA MONICA, CA, USA","Santa Monica, Los Angeles County, California, United States","(34.0194704, -118.4912273)"
120,120,"Jurupa Valley, CA, USA","Jurupa Valley, Riverside County, California, 92509, United States","(33.9798472, -117.4515754)"
121,121,"Framingham, MA, USA","Framingham, Middlesex County, Massachusetts, United States","(42.3095704, -71.4413097)"
122,122,"Berlin, CT, USA","Berlin, Hartford County, Connecticut, United States","(41.621488, -72.7456519)"
123,123,"Massapequa, NY, USA","Massapequa, Town of Oyster Bay, Nassau County, New York, United States","(40.6695725, -73.46977010202824)"
124,124,"Beverly, MA, USA","Beverly, Essex County, Massachusetts, 01915, United States","(42.5584284, -70.8800491)"
125,125,"Methuen, MA, USA","Methuen, Essex County, Massachusetts, 03079-4499, United States","(42.7262016, -71.1908924)"
126,126,"Tempe, AZ, USA","Tempe, Maricopa County, Arizona, United States","(33.4255056, -111.9400091)"
127,127,"BEAUMONT, CA, USA","Beaumont, Riverside County, California, 92223-3166, United States","(33.9299925, -116.9763092)"
128,128,"Millis, MA, USA","Beaumont, Riverside County, California, 92223-3166, United States","(33.9299925, -116.9763092)"
129,129,"Sun City West, AZ, USA","Millis, Norfolk County, Massachusetts, 02054, United States","(42.1666775, -71.3585805)"
130,130,"Yuma, AZ, USA","Sun City West, Surprise, Maricopa County, Arizona, 85375-4416, United States","(33.6657535, -112.35505216920794)"
131,131,"brooklyn, NY, USA","Yuma, Yuma County, Arizona, United States","(32.665135, -114.47603157249804)"
132,132,"Halifax, PA, USA","Brooklyn, Kings County, New York, United States","(40.6526006, -73.9497211)"
133,133,"BUENA PARK, CA, USA","Halifax, Dauphin County, Pennsylvania, United States","(40.4691049, -76.9314571)"
134,134,"CALABASAS, CA, USA","Buena Park, Orange County, California, United States","(33.870413, -117.9962165)"
135,135,"KINGSBURG, CA, USA","Calabasas, Los Angeles County, California, 91302, United States","(34.1446643, -118.6440973)"
136,136,"WEST COVINA, CA, USA","Kingsburg, Fresno County, California, United States","(36.5138398, -119.5538929)"
137,137,"Quincy, MA, USA","West Covina, Los Angeles County, California, United States","(34.0471735, -117.8963242650494)"
138,138,"Los Angeles, CA, USA","Quincy, Norfolk County, Massachusetts, United States","(42.2509914, -71.0037374)"
139,139,"Bridgeport, CT, USA","Los Angeles, Los Angeles County, California, United States","(34.0536909, -118.242766)"
140,140,"Randolph, MA, USA","Bridgeport, Fairfield County, Connecticut, United States","(41.1670412, -73.2048348)"
141,141,"Scottsdale, AZ, USA","Randolph County, Illinois, United States","(38.0472916, -89.8107962)"
142,142,"Wingdale, NY, USA","Scottsdale, Maricopa County, Arizona, United States","(33.4942189, -111.9260184)"
143,143,"BAKERSFIELD, CA, USA","Wingdale, Town of Dover, Dutchess County, New York, 12594, United States","(41.6470383, -73.5681816)"
144,144,"EL CAJON, CA, USA","Bakersfield, Kern County, California, United States","(35.3738712, -119.0194639)"
145,145,"PALO VERDE, CA, USA","El Cajon, San Diego County, California, 92020, United States","(32.7947731, -116.962526)"
146,146,"Milton, MA, USA","Palo Verde, Imperial County, California, 99226, United States","(33.427043, -114.72739567629058)"
147,147,"Staten Island, NY, USA","Milton, Santa Rosa County, Florida, 32572, United States","(30.6324149, -87.0396881)"
148,148,"Raymond, NH, USA","Staten Island, Richmond County, New York, United States","(40.5834557, -74.1496048)"
149,149,"Halifax, MA, USA","Raymond, Rockingham County, New Hampshire, 03077, United States","(43.0361961, -71.1833951)"
150,150,"Tujunga, CA, USA","Halifax, Windham County, Vermont, 05358, United States","(42.7822864, -72.74429764138142)"
151,151,"Leominster, MA, USA","Tujunga, Los Angeles, Los Angeles County, California, 91042, United States","(34.252225, -118.2884105)"
152,152,"Houghton, NY, USA","Leominster, Worcester County, Massachusetts, United States","(42.5267443, -71.7614891)"
153,153,"NATIONAL CITY, CA, USA","Houghton, Town of Caneadea, Allegany County, New York, United States","(42.4215115, -78.16402597083982)"
154,154,"MOAB, UT, USA","National City, San Diego County, California, 91950, United States","(32.6781085, -117.0991967)"
155,155,"Hyde Park, UT, USA","Moab, Grand County, Utah, 84532, United States","(38.5738096, -109.5462146)"
156,156,"Preston, CT, USA","Hyde Park, Cache County, Utah, 84318, United States","(41.79897, -111.81914)"
157,157,"New Britain, CT, USA","Preston, New London County, Connecticut, United States","(41.5164035, -72.00877481828746)"
158,158,"Edgartown, MA, USA","New Britain, Hartford County, Connecticut, United States","(41.6612104, -72.7795419)"
159,159,"New Windsor, NY, USA","Edgartown, Dukes County, Massachusetts, 02539, United States","(41.3890052, -70.5133599)"
160,160,"Melrose, MA, USA","New Windsor, Town of New Windsor, Orange County, New York, United States","(41.4767605, -74.0237519)"
161,161,"Ashburnham, MA, USA","Melrose, Middlesex County, Massachusetts, United States","(42.4564323, -71.064182)"
162,162,"East Syracuse, NY, USA","Ashburnham, Worcester County, Massachusetts, 01430, United States","(42.6480766, -71.9206964)"
163,163,"Greenlawn, NY, USA","Village of East Syracuse, Town of De Witt, Onondaga County, New York, United States","(43.0653446, -76.0785332)"
164,164,"SARATOGA SPRINGS, NY, USA","Greenlawn, Town of Huntington, Suffolk County, New York, 11740, United States","(40.860761, -73.3635845507711)"
165,165,"Anthem, AZ, USA","Saratoga Springs, City of Saratoga Springs, Saratoga County, New York, 12866, United States","(43.0821793, -73.7853915)"
166,166,"Dartmouth, MA, USA","Anthem, Maricopa County, Arizona, United States","(33.857492, -112.11359410473517)"
167,167,"Manchester, CT, USA","Dartmouth, Bristol County, Massachusetts, 02747, United States","(41.6332267, -70.9879928)"
168,168,"Farmington, UT, USA","Manchester, Hartford County, Connecticut, United States","(41.7834017, -72.5231973)"
169,169,"Enfield, CT, USA","Farmington, Davis County, Utah, 84025, United States","(40.9804423, -111.8874688)"
170,170,"CHICO, CA, USA","Enfield, Hartford County, Connecticut, United States","(41.9789387, -72.5755109)"
171,171,"Queens, NY, USA","Chico, Butte County, California, United States","(39.7284945, -121.8374777)"
172,172,"Pomona, NY, USA","Queens, Queens County, New York, United States","(40.7135078, -73.8283132)"
173,173,"Encino, CA, USA","Pomona, Town of Haverstraw, Rockland County, New York, United States","(41.1897336, -74.05612474995017)"
174,174,"Arlington, MA, USA","Encino, Los Angeles, Los Angeles County, California, 91316-3402, United States","(34.1591324, -118.5016166)"
175,175,"ANTIOCH, CA, USA","Arlington, Tarrant County, Texas, United States","(32.701938999999996, -97.10562379033699)"
176,176,"Bedford, MA, USA","Antioch, Contra Costa County, California, 94509, United States","(38.0049214, -121.805789)"
177,177,"Pittsfield, MA, USA","Bedford, Tarrant County, Texas, United States","(32.844017, -97.1430671)"
178,178,"Rye, NY, USA","Pittsfield, Berkshire County, Massachusetts, United States","(42.451302, -73.260018)"
179,179,"Philadelphia, PA, USA","Rye, Westchester County, New York, 10580, United States","(40.9808209, -73.684294)"
180,180,"Tappan, NY, USA","Philadelphia, Philadelphia County, Pennsylvania, 19110, United States","(39.9527237, -75.1635262)"
181,181,"MANTECA, CA, USA","Tappan, Town of Orangetown, Rockland County, New York, 10983, United States","(41.0249745, -73.95061182898539)"
182,182,"Muncy, PA, USA","Manteca, San Joaquin County, California, 95336-40109, United States","(37.7986184, -121.2117148)"
183,183,"Crandon, WI, USA","Muncy, Lycoming County, Pennsylvania, United States","(41.20484, -76.7870991)"
184,184,"Casa Grande, AZ, USA","Crandon, Forest County, Wisconsin, United States","(45.571907, -88.902892)"
185,185,"Somerton, AZ, USA","Casa Grande, Pinal County, Arizona, 86122, United States","(32.8795022, -111.757352)"
186,186,"El Mirage, AZ, USA","Somerton, Yuma County, Arizona, 85350, United States","(32.5964404, -114.709677)"
187,187,"OROVILLE, CA, USA","El Mirage, Maricopa County, Arizona, 85335, United States","(33.6130338, -112.3244866)"
188,188,"Camp Verde, AZ, USA","Oroville, Butte County, California, 95965, United States","(39.5137752, -121.556359)"
189,189,"Stockbridge, MA, USA","Camp Verde, Yavapai County, Arizona, United States","(34.5636358, -111.854317)"
190,190,"Ronkonkoma, NY, USA","Stockbridge, Berkshire County, Massachusetts, United States","(42.308301, -73.3230114)"
191,191,"Naugatuck, CT, USA","Ronkonkoma, Lake Ronkonkoma, Suffolk County, New York, 11779, United States","(40.8153761, -73.112333)"
192,192,"Sudbury, MA, USA","Naugatuck, New Haven County, Connecticut, 06770, United States","(41.4860186, -73.0509432)"
193,193,"Hopkinton, MA, USA","Sudbury, Middlesex County, Massachusetts, 01776, United States","(42.3834278, -71.4161725)"
194,194,"Saint Albans, NY, USA","Hopkinton, Middlesex County, Massachusetts, 01748, United States","(42.2288875, -71.5196439)"
195,195,"Ludlow, MA, USA","Saint Albans, Queens, Queens County, New York, 11412, United States","(40.6984364, -73.7606881)"
196,196,"Charlton, MA, USA","Ludlow, Champaign County, Illinois, United States","(40.3869787, -88.1275437)"
197,197,"MURRIETA, CA, USA","Charlton, Worcester County, Massachusetts, United States","(42.1348444, -71.9643153)"
198,198,"Brooklyn, NY, USA","Murrieta, Riverside County, California, United States","(33.577752399999994, -117.18845420205307)"
199,199,"BRENTWOOD, CA, USA","Brooklyn, Kings County, New York, United States","(40.6526006, -73.9497211)"
200,200,"Flushing, NY, USA","Brentwood, Contra Costa County, California, 94513, United States","(37.9317766, -121.696026)"
201,201,"PALM SPRINGS, CA, USA","Flushing, Queens, Queens County, New York, 11354, United States","(40.7654301, -73.8174291)"
202,202,"West Newbury, MA, USA","Palm Springs, Riverside County, California, United States","(33.772179449999996, -116.49529769683983)"
203,203,"Lawrence, MA, USA","West Newbury, Essex County, Massachusetts, 01985, United States","(42.8014795, -70.989778)"
204,204,"TORRANCE, CA, USA","Lawrence, Douglas County, Kansas, United States","(38.9719384, -95.2359496)"
205,205,"HESPERIA, CA, USA","Torrance, Los Angeles County, California, 90503, United States","(33.8358492, -118.3406288)"
206,206,"ST PETERSBURG, FL, USA","Hesperia, San Bernardino County, California, United States","(34.4263886, -117.3008784)"
207,207,"Oakville, CT, USA","Saint Petersburg, Pinellas County, Florida, 33712-1633, United States","(27.7703796, -82.6695085)"
208,208,"POMONA, CA, USA","Oakville, Watertown, Litchfield County, Connecticut, 06779, United States","(41.589782, -73.07858882598426)"
209,209,"CLINTON, UT, USA","Clinton, Davis County, Utah, United States","(41.1396708, -112.0505108)"
210,210,"Yonkers, NY, USA","Pomona, Los Angeles County, California, United States","(34.0553813, -117.7517496)"
211,211,"Granada Hills, CA, USA","Clinton, Davis County, Utah, United States","(41.1396708, -112.0505108)"
212,212,"Seattle, WA, USA","Yonkers, Westchester County, New York, United States","(40.9312099, -73.8987469)"
213,213,"West Hills, CA, USA","Granada Hills, Los Angeles, Los Angeles County, California, 91344-7401, United States","(34.2661558, -118.5174342)"
214,214,"West Carthage, NY, USA","Seattle, King County, Washington, United States","(47.6038321, -122.3300624)"
215,215,"Woods Cross, UT, USA","West Hills, Los Angeles, Los Angeles County, California, 91307, United States","(34.2032325, -118.645476)"
216,216,"ogden, UT, USA","West Carthage, Champion, Jefferson County, New York, 13619-9503, United States","(43.9735395, -75.61931472574221)"
217,217,"STUDIO CITY, CA, USA","Woods Cross, Davis County, Utah, 84087, United States","(40.8716964, -111.8925775)"
218,218,"Harrisville, UT, USA","Ogden, Weber County, Utah, 84403, United States","(41.2230048, -111.9738429)"
219,219,"Somerset, MA, USA","Studio City, Los Angeles, Los Angeles County, California, 91604, United States","(34.1483989, -118.3961877)"
220,220,"East Meadow, NY, USA","Harrisville, Weber County, Utah, United States","(41.2811479, -111.9887717)"
221,221,"Etna, NH, USA","Somerset, Bexar County, Texas, United States","(29.2263504, -98.6577985)"
222,222,"Falmouth, MA, USA","East Meadow, Town of Hempstead, Nassau County, New York, 11554, United States","(40.721929599999996, -73.55839696869465)"
223,223,"Lititz, PA, USA","Falmouth, Cumberland County, Maine, 04105, United States","(43.729525, -70.241993)"
